{
    "success": true,
    "code": 0,
    "message": "OK",
    "data": [{
            "rowId": 38,
            "regionsId": 440303,
            "areaname": "罗湖",
            "areacode": "0012",
            "areacolor": "#0fe3d5",
            "province": "广东省",
            "city": "深圳市",
            "area": "罗湖区",
            "jsontext": "[]",
            "createBy": "admin",
            "createDate": "2019-05-06 10:18:58.0",
            "modifyBy": "admin",
            "modifyDate": "2019-05-06 10:19:34.0",
            "usability": "否"
        },
        {
            "rowId": 39,
            "regionsId": 440303,
            "areaname": "罗湖",
            "areacode": "000",
            "areacolor": "#ff0000",
            "province": "广东省",
            "city": "深圳市",
            "area": "罗湖区",
            "jsontext": null,
            "createBy": "admin",
            "createDate": "2019-05-06 10:19:11.0",
            "modifyBy": null,
            "modifyDate": null,
            "usability": "是"
        },
        {
            "rowId": 40,
            "regionsId": 440306,
            "areaname": "宝安区",
            "areacode": "0006",
            "areacolor": "#ff0000",
            "province": "广东省",
            "city": "深圳市",
            "area": "宝安区",
            "jsontext": "[{\"lng\":114.135885,\"lat\":22.589693},{\"lng\":114.187053,\"lat\":22.596766},{\"lng\":114.126974,\"lat\":22.547642},{\"lng\":114.194671,\"lat\":22.579548},{\"lng\":114.194671,\"lat\":22.579548},{\"lng\":114.194671,\"lat\":22.579548},{\"lng\":114.167937,\"lat\":22.583286},{\"lng\":114.170668,\"lat\":22.582752},{\"lng\":114.170668,\"lat\":22.582752},{\"lng\":114.170668,\"lat\":22.582752},{\"lng\":114.170668,\"lat\":22.582752},{\"lng\":114.170955,\"lat\":22.582752}]",
            "createBy": "admin",
            "createDate": "2019-05-06 10:20:45.0",
            "modifyBy": null,
            "modifyDate": null,
            "usability": "是"
        },
        {
            "rowId": 41,
            "regionsId": 441302,
            "areaname": "惠城区",
            "areacode": "111",
            "areacolor": "#ff0000",
            "province": "广东省",
            "city": "惠州市",
            "area": "惠城区",
            "jsontext": null,
            "createBy": "admin",
            "createDate": "2019-05-06 14:45:01.0",
            "modifyBy": null,
            "modifyDate": null,
            "usability": "是"
        }
    ]
}