{
    "success": true,
    "code": 200,
    "message": "OK",
    "data": [{
        "id": 1,
        "pid": 0,
        "title": "1-1"
    }, {
        "id": 2,
        "pid": 0,
        "title": "1-2"
    }, {
        "id": 3,
        "pid": 0,
        "title": "1-3"
    }, {
        "id": 4,
        "pid": 1,
        "title": "1-1-1"
    }, {
        "id": 5,
        "pid": 1,
        "title": "1-1-2"
    }, {
        "id": 6,
        "pid": 2,
        "title": "1-2-1"
    }, {
        "id": 7,
        "pid": 2,
        "title": "1-2-3"
    }, {
        "id": 8,
        "pid": 3,
        "title": "1-3-1"
    }, {
        "id": 9,
        "pid": 3,
        "title": "1-3-2"
    }, {
        "id": 10,
        "pid": 4,
        "title": "1-1-1-1"
    }, {
        "id": 11,
        "pid": 4,
        "title": "1-1-1-2"
    }]
}